DATETIME;t(s);0;1;2;3;4;5;6;7;8;9;$P_e$(2.2m);$P_e$(2.6m);$P_e$(3.0m);$P_e$(3.4m);$P_e$(3.8m);m(g);m1(g);m2(g);mDot(kg/s);Vr(m/s)
2016-01-14 10:40:00;0;139520.19188219783;139810.07472752646;145286.61050847903;145579.5780430978;151687.49351968704;152235.0050185318;161503.11466246023;161807.6062415206;166730.627989959;167045.76185185387;139676.73711999998;145433.86172;152011.46276;161664.12676;166917.93388;0.15;0.15053943376011317;0.1494977540211;-8.333333333333342e-08;-5.801798742049268e-10
2016-01-14 10:42:00;120;138271.90572121256;138643.752461098;144022.80296297808;144376.38782049486;152108.8621189798;152902.1106224728;160469.24485632664;160939.399420585;165930.3169743286;166425.90029496214;138446.02245999998;144237.62086;152494.09596;160678.17608;166159.51028;0.11;0.11050414359776245;0.10955980582311596;-3.3333333333333325e-07;-2.3207194968197044e-09
2016-01-14 10:44:00;240;137717.93793622352;138226.94902488645;143118.55419051595;143664.7537175659;151992.78866995225;152941.11278176718;160258.4492812524;160817.81934972206;165729.67909155157;166164.53639411068;137928.91546;143348.19681999998;152473.41168;160492.01756;165980.24652;0.12;0.12064709934146209;0.11935707866237806;8.333333333333329e-08;5.801798742049259e-10
2016-01-14 10:46:00;360;137081.5242169476;137841.09609201734;142425.56125034657;143129.54577939794;151922.79367593132;153038.3344570314;159672.10600554236;160356.27949719707;165132.2493506076;165808.03312050278;137542.8089;142789.72126;152397.56932;160092.12148;165449.35;4.3;4.3204445237277;4.279806285167048;3.483333333333334e-05;2.425151874176592e-07
2016-01-14 10:48:00;480;136803.75913994128;137536.10666494185;142014.29227999094;142825.31786955099;151659.51972498873;152865.78667303335;159246.08759281324;160134.254930684;164649.46731998626;165636.77444851867;137225.64994;142486.35181999998;152307.93744;159664.64636;165139.0858;7.44;7.484169629894995;7.3983619150604785;2.616666666666667e-05;1.8217648050034686e-07
2016-01-14 10:50:00;600;136799.17886665798;137559.11840480776;141732.23799420064;142602.617527286;151353.12518691603;152889.64962823666;159251.68100855852;160101.25328565255;164657.4541431372;165399.35577527457;137125.67591999998;142176.08762;152280.3584;159712.90967999998;165014.98012;11.98;12.055296547693304;11.911745735115632;3.7833333333333336e-05;2.634016628890365e-07
2016-01-14 10:52:00;720;136540.07367952066;137430.21857417416;141566.31648592136;142477.1144820758;151358.50175821537;153302.48408888388;158913.5149281343;159920.80553193993;164426.17007974169;165481.46915523458;137032.59665999998;142048.53456;152211.41079999998;159326.80312;164890.87443999999;15.55;15.650106052660464;15.442624364565516;2.975e-05;2.0712421509115867e-07
2016-01-14 10:54:00;840;136183.8258522787;137208.25999211232;141408.34438423323;142139.45727061512;151370.709767113;153139.71330593672;158754.9240663561;159860.52936661037;164078.37172155755;165254.03359984697;136870.5698;141803.77057999998;152190.72652;159271.64504;164663.34735999999;18.59;18.704791901979437;18.466876445129742;2.5333333333333327e-05;1.7637468175829753e-07
2016-01-14 10:56:00;960;136259.89283671876;137553.310953358;141125.49094358392;142377.3853077579;151086.91449998855;153450.25530674332;158849.704478569;159890.58601892742;164091.91886946376;165254.24268124547;136839.54338;141683.11228;152107.9894;159250.96076;164635.76832;21.17;21.317610643512424;21.014863454492655;2.1500000000000014e-05;1.4968640754487107e-07
2016-01-14 10:58:00;1080;135903.00203043953;137277.93052033044;140920.38336871105;142262.27708729898;150831.69364409117;153154.39561492504;158285.91187009212;159838.5173288638;163675.08205761714;165243.89272920092;136653.38486;141624.50681999998;152101.09464;159126.85508;164594.39976;23.53;23.723126426181054;23.37152235704835;1.9666666666666662e-05;1.3692245031236257e-07
2016-01-14 11:00:00;1200;135970.0754201787;137274.43577291485;140883.3763014443;142136.0601699001;150644.2082892999;153210.72999071784;158208.7680152718;159720.81313888068;163605.54679554264;165256.5017015332;136553.41084;141538.32231999998;152073.51559999998;158961.38084;164463.39932;25.7;25.8591203497864;25.464334480361874;1.808333333333332e-05;1.258990327024689e-07
2016-01-14 11:02:00;1320;135644.879153611;137167.55783954292;140582.470358623;142259.67888565385;150357.33368901917;153307.47401491014;158314.32826845214;159859.31085345402;163792.7002833791;165166.8131599731;136477.56848;141445.24306;151976.98896;159057.90748;164477.18884;27.74;28.0092006741678;27.539311366071974;1.6999999999999993e-05;1.183566943378049e-07
2016-01-14 11:04:00;1440;135667.85625506085;137219.31451199882;140395.07928386985;142105.08288535685;149919.52850985303;152978.55100983958;157978.13498564842;159469.4713125626;163323.89995362863;165124.67363026037;136463.77896;141400.42711999998;151887.35708;158809.69611999998;164325.50412;29.63;29.863536659166762;29.396141002878956;1.5750000000000003e-05;1.0965399622473108e-07
2016-01-14 11:06:00;1560;135450.4846400467;137366.19875002053;140369.4952064768;141939.54069136365;150570.93237826586;153675.76943578664;157982.9446318645;159366.76987559142;163392.7094104801;165485.9080151166;136436.19991999998;141348.71641999998;151928.72564;158685.59044;164291.03032;31.58;31.8389330670255;31.266150376590872;1.6249999999999995e-05;1.1313507546996058e-07
2016-01-14 11:08:00;1680;135561.52877063683;137366.99742349677;140389.0381014971;142191.48254467564;150369.71473597107;153000.1370869281;157832.13617510188;159623.8253161477;163208.08027789296;165096.01634527408;136439.64729999998;141338.37428;151873.56756;158706.27472;164235.87224;33.25;33.58451259825152;32.965883628756714;1.3916666666666682e-05;9.689003899222278e-08
2016-01-14 11:10:00;1800;135572.91779328647;137363.1235435994;140297.52600481015;141898.89014572484;150013.29612425802;153484.64177925183;157459.74228005906;159675.94478966136;162975.3383023835;165342.96535728715;136474.1211;141162.55789999999;151790.83044;158637.32712;164235.87224;34.86;35.237487473936405;34.47572014289912;1.3416666666666661e-05;9.340895974699309e-08
2016-01-14 11:12:00;1922;135450.10850925895;137709.2501448488;140315.67458035515;142083.70889538154;149576.23775918005;153639.81325011162;157154.11460248043;159790.57490716633;163166.28958656915;165199.56684328904;136449.98944;141190.13694;151832.199;158527.01095999999;164235.87224;36.45;36.81830597304311;36.098695597237565;1.3032786885245929e-05;9.073632786745914e-08
2016-01-14 11:14:00;2040;135793.77297442744;137701.58052455162;139783.62630661574;142139.90855829252;149508.68701180356;153405.5139364721;157521.59999752115;159486.08535748004;163006.88429945867;165381.25571642804;136481.01585999998;141138.42624;151728.7776;158568.37952;164180.71415999997;37.9;38.310222589203406;37.47593230395906;1.2288135593220303e-05;8.555194755225159e-08
2016-01-14 11:16:00;2160;135070.9200032914;137486.95423414637;139764.45067331716;142149.4609510886;149905.34916588877;153763.14421447823;157213.80428472612;159586.3860840725;162933.82793298856;165161.65893226152;136336.2259;141148.76838;151659.83;158471.85288;164166.92463999998;39.46;39.975775423314275;39.079520236613455;1.3000000000000018e-05;9.050806037596862e-08
2016-01-14 11:18:00;2280;134795.48420785152;137357.7116179053;139626.39191560814;142563.69846333485;149407.87992623856;154060.72411402778;157078.82209339333;160095.12391674856;162491.34033170238;165677.92530646344;136325.88376;141107.39982;151694.3038;158396.01052;164132.45084;40.78;41.27867899535043;40.21376746194758;1.1000000000000003e-05;7.658374339505028e-08
2016-01-14 11:20:00;2400;134837.37529718885;137670.10065974545;139739.7168085942;142349.43680760206;149225.0932837822;154732.40461365634;157130.63985803726;159289.57454693652;162772.6009012617;165363.17510846464;136239.69926;141048.79436;151597.77716;158402.90528;164111.76656;42.15;42.64414481104981;41.72176651644107;1.1416666666666647e-05;7.948464276607475e-08
2016-01-14 11:22:00;2520;134745.53398817714;137497.9611047753;139957.7385793838;142597.5648150071;148659.22105955525;153954.4031379809;156819.78822719687;159957.1595557187;163112.66595347837;165375.4951619855;136305.19947999998;141155.66314;151446.09243999998;158389.11576;164180.71415999997;43.52;44.154000480071716;42.94837882723582;1.1416666666666706e-05;7.948464276607516e-08
2016-01-14 11:24:00;2640;134811.2722291234;137725.38086239525;139788.3418526579;142341.77571948117;149342.0824567237;154085.83429299662;156743.7765000531;159605.31632846317;162462.2923873148;165477.10082073702;136201.77808;141093.6103;151639.14572;158292.58912;164015.23992;44.83;45.40155140802534;44.244694696755005;1.0916666666666626e-05;7.600356352084505e-08
2016-01-14 11:26:00;2760;134584.33709233374;137746.9389262034;139402.82948062074;142881.32498168154;149221.99645016354;154499.01543612767;156393.70501191425;159858.00541527133;162596.87804735944;165711.51204087495;136143.17262;141134.97886;151542.61908;158382.221;163870.44996;46.08;46.66307652633207;45.45159864174314;1.0416666666666666e-05;7.252248427561577e-08
2016-01-14 11:28:00;2880;134396.28903672207;137431.7498592031;139535.48366188005;142631.28116107124;148529.82840462562;154139.9018661084;156701.20104989316;159582.37492875208;162040.90053435852;165603.35742987823;136174.19904;140993.63628;151556.4086;158189.16772;163780.81808;47.28;47.93842695477173;46.544472322835205;1.0000000000000025e-05;6.962158490459132e-08
2016-01-14 11:30:00;3000;134799.63932177483;137672.50645881036;139511.39136883296;142772.6875787151;149392.31124029896;154311.08683814254;156593.55798131606;160137.85730822338;162626.334776934;165933.86061191122;136122.48833999998;141138.42624;151556.4086;158306.37864;163863.5552;48.57;49.22815056770763;47.83739003017902;1.0749999999999992e-05;7.484320377243543e-08
2016-01-14 11:32:00;3120;134625.183460198;137970.53794097438;139626.22913257478;142569.95319406496;148731.0358484551;155521.21538343295;156572.62215526064;159868.60343809525;161758.72869382915;166179.3926692605;136056.98812;141055.68912;151521.9348;158389.11576;163670.50192;49.72;50.4012600893583;48.99031619819441;9.583333333333322e-06;6.672068553356644e-08
2016-01-14 11:34:00;3240;133877.07456577988;137918.08186510208;139634.5295687376;143280.05073951598;148179.74042404655;154190.38214464346;156778.72169332628;160549.39646068183;161584.7081521738;165214.1588473511;136019.06694;141031.55745999998;151459.88196;158258.11531999998;163615.34384;50.85;51.71996157361617;50.10903953583056;9.416666666666688e-06;6.556032578515681e-08
2016-01-14 11:36:00;3360;133955.87509268813;137927.14374317252;139396.76116869517;142317.0048379831;148167.44265630713;154579.03068100126;156255.97670090394;159672.5104121422;161659.61701949386;165365.8503751697;136025.96169999999;140972.952;151446.09243999998;158051.27252;163691.1862;52.05;52.82089389648327;51.25857721306995;9.999999999999964e-06;6.962158490459089e-08
2016-01-14 11:38:00;3480;134347.0207972992;137446.88108358724;139131.31150395295;142923.17747088525;148405.4667886931;154693.78427853476;156039.64237664657;160180.97553683436;161677.25138085312;165450.95073352882;136019.06694;140900.55701999998;151404.72388;158016.79872;163711.87047999998;53.18;54.10817040690977;52.52237952555639;9.416666666666688e-06;6.556032578515681e-08
2016-01-14 11:40:00;3600;133391.26852464024;137975.35560640812;138819.41973508414;142849.40203562647;147229.00606562916;154494.66087718954;155336.8374151154;159873.26632606678;161796.23034072315;165166.6942895357;135994.93528;141021.21532;151328.88152;157934.0616;163567.08052;54.26;55.15550309060176;53.40727612339348;8.999999999999985e-06;6.265942641413193e-08
2016-01-14 11:42:00;3722;133852.32889607397;137816.25679692414;138891.15676226062;142859.2173881663;147945.5687717098;153881.09942225902;155573.51114767446;160241.30247020902;161343.9054386658;165185.54243499844;135988.04051999998;140876.42536;151356.46055999998;157830.6402;163477.44864;55.4;56.37676736190002;54.411988828576185;9.344262295081971e-06;6.505623507478192e-08
2016-01-14 11:44:00;3840;133881.34271851787;137853.7473828625;139190.60483792846;142867.11431009765;147738.24287454513;154891.6954399239;156308.01831559374;159927.75042242472;161490.5246227308;165611.2088372766;135953.56672;140859.18846;151342.67104;157954.74588;163470.55388;56.43;57.35307128068711;55.54858143748202;8.728813559322044e-06;6.077138343366862e-08
2016-01-14 11:46:00;3960;133519.4798559463;138061.2711491443;139230.8294816653;143157.014611061;148092.671413197;154612.84968043896;156428.0823972855;159628.11175909554;161295.78142131906;165675.87811671928;135884.61912;140741.97754;151273.72344;157885.79828;163560.18576;57.46;58.49489562068414;56.4516089299222;8.583333333333342e-06;5.975852704310746e-08
2016-01-14 11:48:00;4080;134304.8286177283;137895.9709615748;139122.96947847563;142571.02541458883;146623.65192072518;155475.94647451048;155913.07647288087;160675.91524197473;161525.80920002572;165966.58662590582;135846.69793999998;140824.71466;151218.56536;157858.21924;163546.39624;58.51;59.73267295753598;57.36627122578797;8.749999999999977e-06;6.09188867915171e-08
2016-01-14 11:50:00;4200;133940.36160640497;137918.62283912493;139208.87780454147;143156.32901730857;147076.8804465988;155850.11953842224;155425.64448828384;160123.83213800853;160709.35361054915;165546.91099765606;135867.38222;140831.60942;151122.03872;157775.48212;163360.23771999998;59.49;60.55436554333333;58.486391449910656;8.1666666666667e-06;5.6857627672083e-08
2016-01-14 11:52:00;4320;133473.71025779104;138279.60636858267;138676.2701897743;142515.60199749205;145937.66389699426;155255.1889046967;156215.65577665315;160085.1641476524;160861.2511840619;165588.96417631942;135826.01366;140714.3985;151032.40683999998;157616.90264;163484.34339999998;60.44;61.835672830586304;59.22244921368475;7.916666666666631e-06;5.511708804946774e-08
2016-01-14 11:54:00;4440;133693.6412306344;137701.55824639864;138525.88127000091;142285.60854131568;148146.9862207579;155572.74940814148;155422.8344287044;160347.64328054021;160657.80621737742;166044.29019630043;135695.01322;140586.84544;150984.14351999998;157575.53408;163249.92156;61.47;62.79989114641375;60.39361533171107;8.583333333333342e-06;5.975852704310746e-08
2016-01-14 11:56:00;4560;133027.5449138749;137144.7040918277;138351.71431670932;142416.82827867955;146042.91881951856;155663.66569110134;155154.12665348963;160155.6956738643;160338.67409588848;165703.44453752728;135632.96038;140638.55614;150949.66972;157706.53452;163229.23728;62.41;63.71131273287202;61.184328313956556;7.833333333333313e-06;5.4536908175262927e-08
2016-01-14 11:58:00;4680;133258.02297875463;138459.86047275783;138254.42150878895;143144.87864105942;146770.17974077628;154884.57069600307;154770.2155002552;161004.92694925898;160422.5369620982;166135.65920457934;135674.32893999998;140531.68735999998;150928.98544;157444.53363999998;163215.44776;63.37;64.64144972488327;61.908764729085995;8.000000000000006e-06;5.569726792367296e-08
2016-01-14 12:00:00;4804;133400.05007267298;137670.51312092366;138024.51511807402;142395.6484480527;146663.0927576603;155286.4518853666;154717.09900825372;159864.4529175276;160184.69531476585;165372.71241489146;135588.14444;140486.87141999998;150763.5112;157451.42839999998;163146.50016;64.31;65.59391814114008;62.83940935815075;7.580645161290362e-06;5.27776530728355e-08
2016-01-14 12:02:00;4920;133089.29258388968;137214.5631794788;138139.83714794347;143079.94751328812;146534.35893501193;154512.31379236325;154467.9297752242;160018.33786724068;160318.7231487365;165763.9464464597;135553.67064;140445.50286;150832.4588;157348.00699999998;163070.6578;65.2;66.69571468931575;63.703688323136845;7.672413793103452e-06;5.341656083197082e-08
2016-01-14 12:04:00;5040;132970.5011717275;137670.2978217601;138319.97781323193;143200.43232465268;145973.91949311504;156580.72609514388;154329.999002569;159654.09838607963;160849.45771238208;165479.32146519615;135591.59182;140421.3712;150735.93216;157306.63844;163112.02636;66.06;67.47063872886493;64.63949270462066;7.166666666666663e-06;4.989546918162363e-08
2016-01-14 12:06:00;5160;132605.35138807664;137789.48066615438;137313.9786891128;142587.71320638846;145844.11969535408;155309.89351584556;154384.88329843638;159973.02287104385;160165.55412804472;165938.04836001847;135553.67064;140359.31835999998;150673.87932;157217.00656;162898.28879999998;67.01;68.7382091254816;65.51251275171646;7.91666666666669e-06;5.511708804946816e-08
2016-01-14 12:08:00;5280;133149.03889489803;138271.97218119988;137243.9160427625;142825.24614140502;145410.769782857;156389.35285971666;154132.42269381383;160196.54106673357;159693.85392664265;165139.91966279043;135539.88112;140307.60765999998;150522.1946;157023.95328;162774.18312;67.8;69.48586932190646;66.30054439188113;6.583333333333267e-06;4.583421006218871e-08
2016-01-14 12:10:00;5400;132583.4543839595;137577.7433772388;137422.02511072176;143306.265756826;145130.78760077187;156289.3964112026;153791.67466508193;159208.90959840838;159895.2148869603;166222.26832905662;135460.59138;140217.97577999998;150439.45747999998;156968.7952;162725.9198;68.63;70.4351721906226;66.8477786261002;6.916666666666652e-06;4.8154929559008774e-08
2016-01-14 12:12:00;5522;132972.33093447235;139008.4238341037;137452.23556149306;143564.5250589732;144986.77595431753;155124.40095826547;154077.14756766544;159273.796355007;158598.41170025163;165281.81693890557;135436.45971999998;140149.02818;150322.24656;156844.68951999999;162636.28792;69.46;71.42205315782735;67.73716919631757;6.803278688524576e-06;4.736550448427093e-08
2016-01-14 12:14:00;5640;132152.19753448502;137921.02012593657;136813.12829055486;143367.37937502516;144937.76765465058;154232.19740430985;154137.1753189773;159757.62765906268;160149.65810613878;165990.54997664425;135422.6702;140062.84368;150246.4042;156686.11004;162574.23507999998;70.26;71.96320669568547;68.68079657117943;6.779661016949248e-06;4.7201074511587886e-08
2016-01-14 12:16:00;5760;132219.77478916288;138125.79755484522;137246.20516617133;142313.59485650697;144123.89571532953;156090.63879426083;153790.7792609714;159998.12049320867;159294.44009025488;165316.8289151344;135405.4333;139938.73799999998;150115.40376;156699.89956;162312.2342;71.05;72.15482952421637;68.96757868009384;6.583333333333267e-06;4.583421006218871e-08
2016-01-14 12:18:00;5880;132339.1339056092;137932.66257118114;137468.70945033085;142979.9614762264;145596.2560064067;156121.2448830701;152700.85493987566;159673.21220457111;158685.43652859092;165267.33726469043;135274.43286;139928.39586;150005.0876;156555.1096;162181.23375999997;71.84;73.4827735849485;69.69229945780536;6.583333333333385e-06;4.5834210062189536e-08
2016-01-14 12:20:00;6000;131406.3351094901;138471.94337310054;135848.90808421824;141809.42688849443;144320.22284572935;157462.19966721156;153670.28055629047;160031.021446869;158447.69370795783;165359.1208348454;135202.03788;139697.4214;149867.1924;156499.95152;162064.02284;72.58;74.51149587748112;70.69344760517588;6.166666666666624e-06;4.2933310691164245e-08
2016-01-14 12:22:00;6120;132248.74999946583;137892.75534893776;137437.63504216832;143127.57823423768;143692.46586857448;155155.57794903172;153374.73413967213;159751.73715592566;158824.78252852266;164604.6439857489;135139.98504;139780.15852;149749.98148;156196.58208;161822.70624;73.37;75.36658968689025;71.31482586920747;6.583333333333385e-06;4.5834210062189536e-08
2016-01-14 12:24:00;6240;132612.50826996172;138679.90364106253;136991.63942398303;143741.09242947015;145206.0259273344;155705.68067785673;152468.47705527415;159052.70985961298;158728.7070103079;164855.465919539;135105.51124;139697.4214;149639.66532;155893.21263999998;161650.33724;74.09;75.65535149794901;71.9085965728631;5.999999999999991e-06;4.177295094275462e-08
2016-01-14 12:26:00;6360;131485.2817921078;138421.83245900113;136310.02246315687;142453.21817706505;143418.3541828548;155670.9071845499;153279.0965784984;159782.85712269598;158735.36400684805;164966.98941894184;135026.22149999999;139518.15764;149501.77012;155803.58075999998;161546.91584;74.76;76.87442204734813;73.1380670020628;5.583333333333347e-06;3.887205157173015e-08
2016-01-14 12:28:00;6480;131759.7703959324;137522.75333595442;136459.64463912896;142693.0498087921;141719.62267605137;154464.9752111129;152307.58733940966;159196.14409569328;157129.6207384913;164169.50632380205;134946.93176;139373.36768;149370.76968;155679.47508;161409.02064;75.46;77.19292139074997;73.54430728960075;5.833333333333238e-06;4.061259119434417e-08
2016-01-14 12:30:00;6600;132434.7366551768;138964.93062928563;136222.8409965677;143639.52090584094;143101.42323242873;155699.67860387944;151881.99255375765;158837.69979165742;157689.44828063753;164802.42410717977;134943.48437999998;139335.4465;149184.61116;155334.73708;161215.96736;76.15;79.01999539618386;74.11495438664885;5.7500000000001e-06;4.003241132014061e-08
2016-01-14 12:32:00;6722;132249.22933722596;138209.81898313508;135579.11531909558;142961.1629359623;144058.8388391107;154970.20131094658;151344.83457360452;158540.8214669978;157727.004392909;164722.85453847804;134798.69441999999;139111.3668;149019.13692;155148.57856;160822.96604;76.82;78.66833071288222;74.61880464070516;5.4918032786884225e-06;3.8234804824651804e-08
2016-01-14 12:34:00;6842;131274.750859719;138407.26811573954;135945.31363204579;142524.489942725;141552.77114272554;155832.2792684102;150984.7308525802;158537.5471814702;157341.25096631245;164344.91014984722;134709.06253999998;138970.02422;148888.13648;154948.63052;160526.49135999999;77.46;79.92918594848537;75.19678818876504;5.333333333333339e-06;3.713151194911532e-08
2016-01-14 12:36:00;6962;131365.37369499105;138297.53507525809;133526.22862420278;142517.02655635442;140896.4543933423;154073.29991646615;151075.44473486618;158817.33345162153;157306.65445648262;163529.13181907486;134684.93088;138859.70806;148564.08276;154679.73488;160457.54376;78.12;80.19961440750184;75.9527597371778;5.50000000000009e-06;3.8291871697525754e-08
2016-01-14 12:38:00;7082;130352.25922382728;138067.14108962833;135029.93046208992;141803.30346801865;140848.81264864534;155102.30849137832;150063.5882767127;158864.3420416741;156097.8484493146;164492.45625015223;134453.95642;138687.33906;148336.55568;154500.47112;160085.22672;78.66;80.72615696815762;75.91815847040868;4.499999999999934e-06;3.1329713207065556e-08
2016-01-14 12:40:00;7202;130703.09203848585;137684.59095387388;134286.63676250764;142226.91172776598;141241.50829123257;153587.74846266926;150165.30703169046;159008.623787268;156005.08301002192;162350.62257901393;134405.6931;138383.96962;147998.71244;154072.99599999998;159995.59484;79.31;81.73643973451667;76.93462528996825;5.416666666666713e-06;3.771169182332053e-08
2016-01-14 12:42:00;7322;130441.32308308409;137561.40465179572;134763.124624733;141675.9554258567;140090.75591738283;155816.086869212;149995.91603317606;157698.5515025121;155393.78300263756;163550.0861484197;134140.24484;138263.31131999998;147833.2382;153824.78464;159547.43544;79.91;81.62809537081836;77.70320542874843;4.999999999999952e-06;3.481079245229524e-08
2016-01-14 12:44:00;7442;130842.02144300155;137337.937401612;134311.80739762844;143161.0406159353;141139.4091010296;154731.67817304295;150332.61297305746;157199.0347046279;155411.78902813987;162771.53798347985;134088.53414;138118.52135999998;147619.50063999998;153548.99424;159250.96076;80.44;82.37122241742856;77.9368700726275;4.416666666666676e-06;3.074953333286116e-08
2016-01-14 12:46:00;7562;130781.79357195387;137612.7022927923;134555.01064911424;142118.84075360815;139608.35220163036;152781.14691086725;149614.7851815987;157784.3525058048;154912.52275393056;162519.0448588913;134009.2444;137928.91546;147240.28884;153273.20384;158899.32799999998;80.99;83.56822164718716;78.55903374241564;4.58333333333331e-06;3.190989308127078e-08
2016-01-14 12:48:00;7682;129960.17354759916;136505.1925066515;134182.28618017014;141989.13670823257;139209.9269891078;155641.83981661825;149316.34840341978;157886.39188640047;153730.96296939763;163157.59820241993;133792.05946;137639.33554;147040.3408;152873.30776;158451.1686;81.55;84.09839559111222;79.04146547796357;4.666666666666685e-06;3.249007295547599e-08
2016-01-14 12:50:00;7802;130249.0101870056;137431.67109213932;133600.8408957939;141778.31262132086;139826.66598506636;153607.25175406292;149091.50103891396;156925.0918004729;153543.79593090783;162347.06710649896;133761.03303999998;137394.57155999998;146633.54995999997;152452.7274;158182.27296;82.06;85.01977086123678;79.30410814518854;4.250000000000043e-06;2.958917358445154e-08
2016-01-14 12:52:00;7922;128167.77801056209;136940.13314000482;132262.4235011988;140716.29305366438;138300.46098746068;152836.7223332901;148693.5953765413;156032.78677875784;153085.063295131;162615.40419557042;133461.11098;137015.35976;146295.70672;151997.67324;157610.00788;82.62;85.4412069566395;79.5795671341156;4.666666666666685e-06;3.249007295547599e-08
2016-01-14 12:54:00;8042;129355.20311737919;137821.44899367963;132508.32877419243;140032.53120782203;137979.37869231554;154417.39728584484;146625.82382737708;154566.41085973167;153447.1185249763;160686.28230199046;133347.34743999998;136842.99076;146075.07439999998;151397.82911999998;157217.00656;83.04;85.2200360566709;80.24935189576256;3.5000000000000143e-06;2.4367554716607003e-08
2016-01-14 12:56:00;8162;129247.77677275713;136761.12005030055;132762.135992112;139414.35463273092;137072.39935941476;152135.1325245031;145018.4310909424;155087.12527436082;151801.76073565852;161511.30500969797;133126.71512;136539.62132;145495.91456;150915.19592;156651.63624;83.53;86.44020143218812;80.84389872673663;4.0833333333332906e-06;2.8428813836041086e-08
2016-01-14 12:58:00;8282;128671.73718733559;137676.01698177488;132357.46161963194;140720.41686477882;136938.93055329876;152487.2945378683;146742.76762622455;154435.05859152885;151470.15217976406;160770.7441773651;132961.24088;136191.43594;145158.07132;150363.61512;156141.424;83.98;86.92804076869774;81.63375779278837;3.750000000000024e-06;2.6108094339221847e-08
2016-01-14 13:00:00;8402;128489.46896777739;135648.3852596912;132280.65417734347;140086.3827966282;134902.0855061526;154569.7514994611;145025.24274881772;154544.94885590792;151687.81592422802;161176.48744018734;132664.76619999998;135757.06605999998;144496.17436;149832.7186;155569.15892;84.41;87.07465969556634;81.14918958631742;3.5833333333332716e-06;2.4947734590811397e-08
2016-01-14 13:02:00;8522;128588.19322686299;136332.47049783205;130603.41087786182;139532.3028668058;133957.82575659978;152504.87802628143;144545.2102017906;153672.326999115;149921.76694187382;159233.58308436698;132309.68605999998;135474.3809;144130.75208;149253.55875999999;155031.36763999998;84.87;87.69068091953355;82.80621560976998;3.8333333333334e-06;2.668827421342707e-08
2016-01-14 13:04:00;8642;128143.2087305804;136054.42967682367;130637.22296844327;139886.1686365476;137565.51998708595;150337.30997343676;143417.94775038544;152702.29624636908;149244.7022872873;157812.086589794;132095.9485;135091.72172;143744.64552;148605.45132;154328.10212;85.28;88.59045810598703;82.39893760316365;3.416666666666638e-06;2.3787374842401775e-08
2016-01-14 13:06:00;8762;128591.18030305409;135604.83242805608;129497.57698277262;138923.64315838442;134577.07376776254;151930.5504437949;143178.39462209961;152616.4609273532;149891.70854866298;158403.66895272784;131809.81596;134564.27258;143055.16952;147867.712;153755.83703999998;85.71;89.44852424570772;82.38417731079443;3.5833333333332716e-06;2.4947734590811397e-08
2016-01-14 13:08:00;8882;126650.2934255482;134409.62713020187;130326.81376191381;139312.998332263;131955.0155518722;151711.09380200226;143030.8384083637;151010.792475172;149134.11195061004;156995.2216554068;131440.94629999998;134195.40292;142565.64156;147136.86744;152983.62391999998;86.1;89.75241739479057;82.63036625587148;3.2500000000000045e-06;2.2627015093992155e-08
2016-01-14 13:10:00;9002;126811.47701317248;135846.7027091761;129131.08759103212;137556.33864446063;131636.68630679158;149854.04178042788;140646.58143859895;151360.38398732536;148153.50076533848;156278.7477802667;131127.23472;133616.24308;141779.63892;146137.12724;152211.41079999998;86.44;89.75931513172975;83.12118505308408;2.833333333333362e-06;1.9726115722967692e-08
2016-01-14 13:12:00;9122;126770.00634591337;135662.49274734614;128442.73920849133;136605.71150310547;132176.8616408997;148920.49585372995;141231.12365863388;150988.23874793306;147384.1494817087;156783.33714787062;130672.18056;133006.05682;141138.42624;145413.17744;151480.56624;86.78;90.6051917033369;83.42676340469946;2.833333333333362e-06;1.9726115722967692e-08
2016-01-14 13:14:00;9242;126080.68680776587;134133.81839642843;127711.33951965676;136814.33515228797;133893.89452646574;149192.42584713598;140140.63871768254;147793.61373396002;146167.21192630383;156800.04908645115;130406.7323;132426.89698;140400.68692;144282.4368;150708.35311999999;87.13;90.63631664471926;84.42334979401575;2.916666666666619e-06;2.0306295597172086e-08
2016-01-14 13:16:00;9362;124104.20714150363;133662.0139396879;129017.72453657078;135861.1174173291;129352.75955682434;149136.78584632455;138923.80245942756;146659.1921056661;144775.37947192966;155137.65166916317;129927.54647999999;131844.28975999999;139580.21048;143289.59136;149880.98192;87.5;90.64212884421384;84.06119993362557;3.083333333333371e-06;2.1466655345582533e-08
2016-01-14 13:18:00;9482;125156.99730019135;132574.39344216642;126336.2660906643;136268.10376188974;130616.6449362415;147317.4088895891;136807.4291536221;146714.29710664882;143803.37999081524;154282.42657843902;129465.59756;131151.36638;138732.155;142393.27255999998;148950.18932;87.8;90.66380154207198;82.98047920624401;2.499999999999976e-06;1.740539622614762e-08
2016-01-14 13:20:00;9602;125018.74839653562;132204.04000629002;123695.542267747;135487.1865955141;128057.01964148856;148856.3723261778;134942.66429060412;146334.47616597105;144081.76812176616;154468.8699868228;128986.41174;130499.81155999999;137849.62571999998;141234.95288;148074.55479999998;88.09;91.44889566482925;85.18947964041388;2.4166666666667188e-06;1.6825216351943225e-08
2016-01-14 13:22:00;9722;124929.01451355028;132687.91729365455;126314.79379161558;134306.78836397888;129149.68126991086;145949.9511723928;134505.0461684967;145414.82082435468;142367.45246760768;152446.77794344834;128452.06783999999;129696.57201999999;136994.67548;140083.52796;147171.34123999998;88.38;91.72592184965005;85.210559715736;2.4166666666666006e-06;1.68252163519424e-08
2016-01-14 13:24:00;9842;123616.09565842267;132194.3180325126;123519.59213574934;134920.24124496244;127589.76731744196;141789.3977681861;133760.77384846698;144109.3487410969;140146.69526991865;152515.771886628;127900.48703999999;129027.78029999998;135994.93528;138911.41876;146178.49579999998;88.66;92.00427424667569;85.31572691817581;2.3333333333333425e-06;1.6245036477737996e-08
2016-01-14 13:26:00;9962;122323.24330130356;131960.5417073597;123117.88065145923;133112.39984443854;124929.56999833562;145713.0710086287;132270.42452561535;142657.1014842347;139476.55049165807;150360.54241665476;127283.40602;128083.19817999999;134795.24704;137628.99339999998;145426.96696;88.89;91.97228185963232;85.23385262001042;1.9166666666667e-06;1.3344137106713534e-08
2016-01-14 13:28:00;10082;122860.1925019315;131362.42662244735;122728.94350716578;132622.9902903038;124690.92835997003;142894.73589355452;131185.84116496044;142227.60303480076;138933.35042350736;149205.4051578507;126707.69355999999;127307.53768;133823.08588;136443.09467999998;144268.64727999998;89.17;93.4000765436906;85.71158340685199;2.3333333333333425e-06;1.6245036477737996e-08
2016-01-14 13:30:00;10202;120764.14556807552;130284.89256504373;121559.71065223165;131147.4169920973;125169.83035262358;143904.34584324958;131331.7310827761;141091.8160377411;140597.36352507293;148539.28490957312;126025.11231999999;126431.90315999999;132692.34524;135036.56364;143468.85512;89.38;93.14657414808586;85.4421857719859;1.749999999999948e-06;1.218377735830309e-08
2016-01-14 13:32:00;10322;119109.68432703248;129986.35021754126;120779.47404272055;131176.57447119354;120601.94559640795;140213.23633079135;126913.63668527805;139885.40885128212;136928.84328020754;147738.15961435673;125466.63676;125435.61034;131540.92032;133671.40115999998;142386.3778;89.63;92.94361450989626;85.80031541989054;2.0833333333333334e-06;1.4504496855123157e-08
2016-01-14 13:34:00;10442;120299.37390213137;131558.00002760623;119061.82250248238;131393.7399450354;119646.24735883478;139972.79718222632;128027.23978813423;137223.11325809002;134759.85413069162;148169.9610538901;124722.00267999999;124504.81774;130327.44256;132306.23867999998;141428.00616;89.83;93.33344665471972;86.09131906802101;1.6666666666666904e-06;1.160359748409869e-08
2016-01-14 13:36:00;10562;118894.34477292986;128342.04983293284;116920.36094005227;128463.13534986938;122602.61479804841;140753.90716359974;125978.22326848796;135782.2660688008;133516.11661332377;144665.74837524648;124042.86881999999;123542.99871999999;129238.07048;130858.33907999999;140469.63452;90.02;93.71105135631079;86.38619724871818;1.5833333333333145e-06;1.1023417609893467e-08
2016-01-14 13:38:00;10682;118491.15979211457;128700.46435812561;117024.2994323607;128552.61634648184;119298.88648643285;136218.00303468294;123320.69332799588;134638.59093885229;132107.11087419317;145454.8728370223;123249.97141999999;122539.81113999999;127962.53988;129403.54471999999;139373.36768;90.24;94.22000833039895;87.08796951969319;1.8333333333333238e-06;1.276395723250831e-08
2016-01-14 13:40:00;10802;116072.56435243765;128098.05166761161;116729.56946531066;127447.03356245073;115070.31139595187;137739.73687714405;122193.15996995922;132966.88743156887;134380.86629832728;144489.39859933555;122450.17925999999;121502.14976;126797.32543999999;128162.48791999999;138414.99604;90.38;94.39800996447468;87.4699325964171;1.1666666666666712e-06;8.122518238868998e-09
2016-01-14 13:42:00;10922;115736.832953921;126709.49812481944;115752.21959148945;125122.08741264048;115228.5525758858;134948.58392865804;121702.73840750384;132574.38909637392;131176.880386539;143126.54322185658;121719.33469999999;120550.67288;125514.90007999999;126521.53503999999;137518.67724;90.61;94.87870716287051;86.69690049551616;1.9166666666667e-06;1.3344137106713534e-08
2016-01-14 13:44:00;11042;116141.16149109729;127080.36038608452;114544.3372769207;123343.25434454303;111871.52071720378;135196.11282854114;118877.21011073615;130371.51614739293;131948.80449567008;142620.16007334672;120878.17397999999;119464.74818;124480.68607999998;125046.05639999999;136477.56848;90.82;94.29761391794945;87.60024042024395;1.749999999999948e-06;1.218377735830309e-08
2016-01-14 13:46:00;11162;115025.49636856897;124065.30144797087;112982.49180740546;125023.60394279285;114027.85694372159;133054.05982007165;118751.5920128007;129897.28172063509;130955.82224030244;141584.7214957075;120074.93444;118465.00798;123163.78692;123618.84108;135333.03832;90.96;94.43530826639724;87.60024042024395;1.1666666666666712e-06;8.122518238868998e-09
2016-01-14 13:48:00;11282;114330.79981916843;123978.08940084872;111681.17639167154;122466.367020267;111588.76536859818;131905.86099032147;117559.70931988434;127407.16609229051;129276.41234960586;140387.07921538057;119226.87895999999;117430.79397999999;121908.94059999999;122046.83579999999;134243.66624;91.11;94.6773729697815;87.60024042024395;1.2500000000000473e-06;8.702698113074223e-09
2016-01-14 13:50:00;11402;111356.21284631208;122964.64615730633;111350.62116337584;122002.59166662321;111210.53176995763;130939.0162917501;113504.89339638376;126035.42430344509;127268.8650559695;138210.37937372315;118337.45491999999;116282.81644;120654.09427999999;120619.62048;133154.29416;91.18;95.26956830349691;87.60024042024395;5.83333333333395e-07;4.061259119434913e-09
2016-01-14 13:52:00;11522;111401.74289227989;123075.98372965751;108730.89465293322;121524.18829887931;105903.4929511652;129321.17620215744;113065.72369004048;125603.8901397385;124597.47588707447;138807.0321322399;117396.32018;115024.52273999999;119275.14228;119137.24707999999;132023.55352;91.31;94.53940460094998;87.60024042024395;1.0833333333332954e-06;7.542338364663777e-09
2016-01-14 13:54:00;11642;111510.37674231897;122369.92886107953;108692.6262820119;118909.41577351002;107462.68176181655;129631.86638688689;111294.96141033327;123111.04603062346;124194.2215032048;138827.4051075441;116465.52758;113824.8345;117999.61167999999;117634.18939999999;130727.33863999999;91.42;95.30929248818462;87.60024042024395;9.166666666666619e-07;6.381978616254155e-09
2016-01-14 13:56:00;11762;110363.58160577422;121316.05230669494;107290.66184608407;118314.71773063502;103168.78480763263;130519.67646062645;110624.64567911618;122326.99475041541;122453.47018142394;136682.81477669824;115462.34;112725.12027999999;116744.76535999999;116282.81644;129541.43991999999;91.45;94.71245203228304;87.60024042024395;2.500000000000095e-07;1.740539622614845e-09
2016-01-14 13:58:00;11882;108311.82576997198;120176.47773454465;106535.15825189411;115652.74294860673;104088.27312748988;125165.08429963607;109104.57221738635;119569.71249538551;122609.2144983164;135294.94142023934;114514.31049999999;111453.03705999999;115400.28715999999;114690.12688;128252.11979999999;91.53;95.48329804312323;87.60024042024395;6.666666666666524e-07;4.6414389936393105e-09
2016-01-14 14:00:00;12004;108024.98091927786;118950.76202488308;103084.8558836421;115695.61849660418;103720.96321953279;124723.57920496802;107202.37176457835;120532.64639787641;120455.24648150778;133605.78250797532;113349.09606;110077.53244;113911.01899999999;113359.43819999999;126845.58875999998;91.54;95.91129621660947;87.60024042024395;8.196721311479603e-08;5.706687287264489e-10
2016-01-14 14:02:00;12122;105783.03298903376;118428.62650121296;102330.90936052281;114394.81474443167;97570.52756567467;122644.24006505798;104252.85762645185;117705.32663645507;118630.80553631682;129210.2935082076;112397.61918;108905.42323999999;112580.33032;112008.06524;125521.79483999999;91.61;95.61173344856108;87.60024042024395;5.93220338982993e-07;4.130094019763479e-09
2016-01-14 14:04:00;12242;105768.58022423438;118675.28790827043;101495.434909666;114671.39577718839;99294.184196857;124090.7312954588;104466.48703090462;117551.38126832685;117865.41166317204;130987.20577030483;111249.64163999999;107550.6029;111160.00975999999;110636.00799999999;124377.26468;91.61;96.00840741444621;87.60024042024395;0.0;0.0
2016-01-14 14:06:00;12362;103694.14960419686;116496.34525606106;101663.92896717408;112287.16021855683;98661.26202397936;118774.7912165276;102075.32200730468;115281.61952999538;117415.5677875607;130176.68492137767;109998.24269999999;106126.83496;109684.53111999999;109339.79311999999;122694.94324;91.61;96.28821282771358;87.60024042024395;0.0;0.0
2016-01-14 14:08:00;12482;102403.95974447993;116046.27127534359;97399.00717597865;111902.85073398655;96266.43777540466;120369.78562212965;101096.8920228882;113798.45093547563;114058.72961838788;127457.73620383235;108753.73852;104637.56679999999;108360.73719999999;107816.05115999999;121205.67507999999;91.61;95.3175491912069;87.60024042024395;0.0;0.0
2016-01-14 14:10:00;12602;100522.44933367036;113316.47420924742;96387.07556845533;110072.66463855094;91829.32484393717;120514.34333544892;100102.21571702669;111929.27556527716;112848.2567372445;125588.98688907616;107467.86578;103165.53554;106802.52144;106512.94152;119481.98508;91.61;96.03511145275841;87.60024042024395;0.0;0.0
2016-01-14 14:12:00;12722;99825.22342925856;112498.54438220321;95282.82080316095;108114.29183348156;91820.78933285628;115627.16377230253;99807.9350967399;110670.19835046797;109923.1980648092;125470.77689051487;106185.44042;101603.8724;105258.0952;105154.67379999999;117710.03176;91.61;96.04547383120422;87.60024042024395;0.0;0.0
2016-01-14 14:14:00;12842;98013.56212247141;110264.79477958134;95350.91400937212;105230.45356757756;91050.88490747192;116517.2142873048;97622.93836821194;109401.72771743382;109781.80686818252;123207.29588778883;104761.67248;100004.28808;103637.82659999999;103755.03752;115676.07755999999;91.61;96.20138701757766;87.60024042024395;0.0;0.0
2016-01-14 14:16:00;12962;96654.81689914949;110451.53717500462;92406.85702592117;104071.30646260786;88985.02778792719;115911.25391383379;95233.17331930794;107260.86521568913;105833.30800643569;122697.68301876131;103337.90453999999;98356.44043999999;102176.13747999999;102417.45408;113724.86047999999;91.61;96.4804829796954;87.60024042024395;0.0;0.0
2016-01-14 14:18:00;13082;96183.37979828022;106546.72799879835;91958.42998042329;105157.5961518321;89972.67787014201;106375.95264583817;95271.30557727326;106678.70767968535;105464.84324511133;118680.37870314016;101779.68878;96694.80328;100569.65839999999;101052.2916;111759.85388;91.61;96.65181042747449;87.60024042024395;0.0;0.0
2016-01-14 14:20:00;13202;93984.51677658757;105791.85763487732;88993.96067701194;101487.01339018893;88769.72030986041;110454.12352775226;90716.398706459;105703.49469921888;101592.77181419177;114199.16035664923;100087.02519999999;94871.13926;98818.38935999999;99645.76056;109684.53111999999;91.61;96.05817476276971;87.60024042024395;0.0;0.0
2016-01-14 14:22:00;13322;92561.16260366586;104854.14517876074;85071.54207080737;98193.1792476763;86756.1666190302;109435.83884823942;90703.20654165339;106332.66438736359;102016.19884738978;114756.72228451884;98521.91467999999;93057.81738;97115.38363999999;98094.43956;107698.84023999999;91.61;95.08139593590936;87.60024042024395;0.0;0.0
2016-01-14 14:24:00;13442;91300.69553292327;102684.5105450819;84813.0069759071;97504.0004317964;81897.25712016142;108944.15566516321;89421.11223116648;103850.93381980117;98816.83733974781;113418.45317628176;96705.14541999999;91137.62672;95343.43031999998;96639.6452;105726.93887999999;91.61;95.53895867420522;87.60024042024395;0.0;0.0
2016-01-14 14:26:00;13562;87160.28927130897;103306.25113620148;81185.90772568014;96298.64353276632;80075.4693024374;104082.98812841398;87237.50238499301;101937.03468638132;97525.68965102166;109397.44471904289;95022.82397999999;89169.17274;93502.5294;95150.37703999999;103555.08948;91.61;94.96101699365903;87.60024042024395;0.0;0.0
2016-01-14 14:28:00;13682;86749.75165914363;100637.56790831691;78927.86076165576;95623.7750389422;81742.66241275321;107955.88773431831;87041.19302573739;101507.16443261442;91890.87020080493;109130.05833768455;93226.739;87211.06089999998;91675.41799999999;93757.63552;101452.18767999999;91.61;96.59362604329786;87.60024042024395;0.0;0.0
2016-01-14 14:30:00;13802;83593.01774799319;98481.00665015122;77825.941164064;92528.74031669626;82799.9356519708;100946.93884837281;83888.77349772237;99878.466082464;91736.38845251867;105775.96930712144;91385.83807999999;85025.42197999998;90006.88608;92440.73636;99238.96972;91.61;96.08823986217692;87.60024042024395;0.0;0.0
2016-01-14 14:32:00;13922;80070.37079083385;96079.18450809424;74704.43711704703;89987.93090835706;78850.36420797465;103149.68922280535;84779.96028335951;99558.3458828094;90414.36649132753;104243.08968919957;89145.04108;82908.73065999999;88000.51092;90910.09963999999;97260.1736;91.61;95.86106837573924;87.60024042024395;0.0;0.0
2016-01-14 14:34:00;14042;79903.86436679983;93525.35216384822;73626.63978042982;86475.21501252944;75625.64312907378;98732.46233377968;81068.85961964275;99022.10356740835;85669.67805769212;100682.49037647915;86890.45455999998;80667.93366;85959.66196;89689.72712;94778.06;91.61;96.95698131133555;87.60024042024395;0.0;0.0
2016-01-14 14:36:00;14162;79137.25849710817;90122.69203557193;69812.49757430004;86708.68210629365;71568.56241913082;95816.19962767464;82363.38024652173;95969.26141615055;84337.07408664582;99844.00327642808;84756.52633999998;78244.42551999999;84036.02391999999;88303.88036;92585.52631999999;91.61;97.48574758984684;87.60024042024395;0.0;0.0
2016-01-14 14:38:00;14282;76579.27751154853;89009.0353517983;68136.00722133294;83774.97813335237;69871.52207049639;97794.68432562007;81326.1699558739;94265.86755508791;82666.7563350816;99051.6150623437;82615.70336;75976.04947999999;83705.07543999999;87269.66635999999;90268.88695999999;91.61;97.1006282099653;87.60024042024395;0.0;0.0
2016-01-14 14:40:00;14402;73761.01896117516;88151.61069981959;68461.48064593796;82702.93119381815;83245.46257809334;112032.39558934502;76459.32261868496;93773.36368251845;81426.56122800737;93367.68914238061;80550.72274;74476.43917999999;94447.11151999999;85952.76719999999;88062.56375999999;91.61;96.52181542257168;87.60024042024395;0.0;0.0
2016-01-14 14:42:00;14522;70884.79225171427;88114.18524690316;69004.110101423;82500.29714398594;81114.31410747221;108675.19381737495;76407.71741993913;93143.11834422509;77964.20171663983;91407.06456537597;79323.45546;74590.20271999999;94136.84731999999;84339.39335999999;85973.45147999999;91.61;96.32461283521641;87.60024042024395;0.0;0.0
2016-01-14 14:44:00;14642;80157.45748634906;90828.56315710253;72412.31517839678;85588.16726311683;83426.9199733896;108172.60079399047;75161.57563344309;90546.42566282368;77045.63772421263;91490.43087536415;85084.02743999999;78930.45413999999;94984.9028;82967.33611999999;84946.13223999999;91.61;96.74478761167795;87.60024042024395;0.0;0.0
2016-01-14 14:46:00;14762;82056.84176673848;96629.11910154614;76682.45675582706;91462.82710890772;83608.4834755697;110421.1573710743;75226.63030420338;89925.07094337443;76093.12065875478;91311.57078818227;88141.8535;82774.28284;96625.85568;81988.2802;84366.9724;91.61;96.62223985787848;87.60024042024395;0.0;0.0
2016-01-14 14:48:00;14882;81043.22639315543;95933.51147929215;77201.3435868714;91620.79852406846;82340.20531004088;110938.38262684704;71766.32084312546;88112.21645251603;74398.3807340949;87779.72505140943;88448.67031999999;83422.39027999999;97467.0164;80423.16967999999;81884.85879999999;91.61;96.6251058282118;87.60024042024395;0.0;0.0
2016-01-14 14:50:00;15002;81852.08168467067;95814.29251102672;76087.8298007258;90111.05006101984;82864.62032866025;110383.91510230982;71468.3775427901;87085.5064182942;73495.47835216492;86484.68414701053;88176.32729999999;83191.41582;97618.70111999998;79120.06003999998;79278.63952;91.61;96.77945040277488;87.60024042024395;0.0;0.0
2016-01-14 14:52:00;15122;82221.86952237536;96355.14955355674;76731.77316524429;92324.09887401624;86498.54995115598;110471.7783629656;69464.5087103159;85194.61005057555;67635.64598174534;84231.51522025719;87652.32553999999;82750.15117999999;97687.64872;77803.16088;77024.05299999999;91.61;97.68595295070749;87.60024042024395;0.0;0.0
2016-01-14 14:54:00;15242;81593.12026252552;94523.92030768933;75840.80035250218;88813.33238273383;84531.01470848254;111655.0897313366;70496.79439981804;85268.05593730455;67948.43665404555;82444.39841628332;87531.66724;82839.78305999999;96419.01288;76817.2102;74921.1512;91.61;96.66306871722799;87.60024042024395;0.0;0.0
2016-01-14 14:56:00;15362;80091.67576312328;94559.75029233294;74527.20483455026;91116.73916054466;82115.09846594073;112453.34818815795;69103.86751559714;83666.46232925574;66038.29481862756;80200.79956907495;87483.40391999998;82681.20357999999;96108.74867999999;75824.36476;73176.77691999999;91.61;97.13907359159191;87.60024042024395;0.0;0.0
2016-01-14 14:58:00;15482;80807.74491873177;94670.34409697053;77689.24393550103;90830.96223488452;81069.69937352206;109539.36747917678;67239.96760782688;82617.52751794465;66077.12037350822;80543.80942785856;88207.35371999998;82281.3075;95722.64211999999;75238.31016;71473.77119999999;91.61;96.66892591515324;87.60024042024395;0.0;0.0
2016-01-14 15:00:00;15604;78746.79799801519;95358.4606583227;74679.54902969018;88533.27915805149;77963.43094241917;109101.50296485731;67063.15930875482;83730.66545447535;61554.790916275495;77374.7093358429;88121.16922;81767.64787999999;95102.11372;74617.78175999998;69963.81876;91.61;97.92782313587588;87.60024042024395;0.0;0.0
2016-01-14 15:02:00;15722;78839.27306775312;93841.67624570263;74029.89558701427;87797.4538443206;84410.0533338345;108672.20478533313;64785.717570155844;82077.04467425468;62360.521524100004;77927.73517169562;87293.79801999999;80892.01335999998;94467.79579999999;74245.46471999999;69281.23752;91.61;97.36477042777136;87.60024042024395;0.0;0.0
2016-01-14 15:04:00;15842;78303.4998319768;92718.46788123326;73429.51939872699;86273.46835931196;79059.7839964965;104865.5810774558;65669.42490801083;79376.03971019182;61794.1465580729;77419.36292695308;85228.8174;79678.53559999999;94329.9006;72507.9852;68667.60387999998;91.61;98.03399386392552;87.60024042024395;0.0;0.0
2016-01-14 15:06:00;15962;74136.71776288911;90057.33423943161;68993.50649013383;84461.60468964087;82730.7224202422;110054.104298658;62973.316225422364;80022.15261722225;60943.53149531883;76908.14245907888;81953.80639999999;77799.7135;94081.68923999999;70860.13756;68446.97155999999;91.61;98.7686467468379;87.60024042024395;0.0;0.0
2016-01-14 15:08:00;16082;66389.77567919483;81320.35998504297;65703.03184796599;81887.66045036387;74384.35809650121;105869.48642317043;61902.76007030027;77183.20291071382;59372.62705375217;76889.09741453998;73614.59417999999;73397.40923999998;90089.62319999999;68950.28904;69039.92091999999;91.61;96.99192267786938;87.60024042024395;0.0;0.0
2016-01-14 15:10:00;16202;64980.30315166994;82712.69757167206;61655.383009831516;77826.60005553297;66510.51436267256;99434.65042233712;58721.07053553236;74401.40300503226;58606.275962935804;79982.99779819159;74111.01689999999;69429.47485999999;86132.03095999999;66668.12347999998;70653.29475999999;91.61;97.2173850516352;87.60024042024395;0.0;0.0
2016-01-14 15:12:00;16322;68240.78910446525;84025.31636658823;56173.71447597445;73496.88731572573;68150.32939057832;96901.78995262196;57560.353539366966;71857.38592416732;64563.88153806221;82539.15857214005;75727.83812;65223.671259999996;83339.65315999999;64730.69591999999;72570.03803999998;91.61;97.67248896617296;87.60024042024395;0.0;0.0
2016-01-14 15:14:00;16442;64847.9903948651;78392.46259736459;51451.728097069594;67892.01575122503;64520.14146335836;96280.5201109032;55364.21558730596;69745.82551412965;65713.56094563023;80285.68303809545;71949.50963999999;60621.41895999999;81016.11903999999;62731.21551999999;72976.82887999999;91.61;97.24376591333517;87.60024042024395;0.0;0.0
2016-01-14 15:16:00;16562;65206.84351567812;78880.54170989757;47286.25900425087;63455.919107152906;63644.879869492215;90586.31433442824;52902.37293916355;69025.33488148617;63325.59239893866;79854.37327035965;73542.19919999999;56005.37714;78837.37487999999;60745.52463999999;72273.56335999999;91.61;98.46932116528593;87.60024042024395;0.0;0.0
2016-01-14 15:18:00;16682;65455.72371265998;79246.8998549046;43271.75930837231;55871.869423229575;62791.4594679101;93636.6824691152;49249.758406008696;65259.32832109942;65784.1224385935;80209.81424135981;72897.53914;51847.83685999998;77741.10803999999;58318.569119999986;72183.93148;91.61;98.04510888358291;87.60024042024395;0.0;0.0
2016-01-14 15:20:00;16802;64488.08000466485;81828.77444523276;38642.432169068314;56321.52354508339;59954.585053551404;94094.8461344434;48171.12070220767;66230.24648264413;64084.47198011459;81258.93903551542;73362.93544;49100.274999999994;79044.21767999999;56098.456399999995;71832.29871999999;91.61;98.0386929883959;87.60024042024395;0.0;0.0
2016-01-14 15:22:00;16922;68644.03676659903;80371.38852092785;40532.89153625831;54673.67340597659;62775.46456118587;96887.38088584997;46551.7379293221;63672.96729094752;63810.21656337668;78944.16942975289;73731.8051;47966.08697999999;80354.22207999999;54450.608759999996;71921.93059999999;91.61;96.41506225009256;87.60024042024395;0.0;0.0
2016-01-14 15:24:00;17042;67132.33153527137;84256.2367421421;38957.47436055389;58496.19351211404;58786.19226308138;95002.85667780692;44515.140042752806;60984.3309128191;62734.82153529891;80445.44435739538;74462.64966;49493.27631999998;81615.96315999998;52347.706959999996;71832.29871999999;91.61;97.45587125577129;87.60024042024395;0.0;0.0
2016-01-14 15:26:00;17162;66425.00390601947;83766.25875470064;42124.9473782213;57127.762775506206;67453.38297721009;100508.58149072726;42453.84261967415;60091.61295663071;65880.48724251843;81274.61368063328;74731.5453;49620.829379999996;82470.91339999999;50734.333119999996;72183.93148;91.61;97.90212869521334;87.60024042024395;0.0;0.0
2016-01-14 15:28:00;17282;68071.34709642775;83485.78047014044;38180.715499507576;57199.08410562253;71826.75021652515;92408.2289181352;37492.35953016632;58442.1134303391;64727.209291746214;82833.43985224715;74769.46647999999;47276.61097999998;83222.44223999999;48996.85359999999;72707.93323999998;91.61;98.59009309876917;87.60024042024395;0.0;0.0
2016-01-14 15:30:00;17402;66924.59863034927;84113.44342401237;29771.97960597365;48101.30782068155;65823.7562508595;98839.42686079719;40134.96434602128;55484.3145734227;64139.84571549261;82116.7711951553;74059.30619999999;37968.68497999999;83201.75795999999;47169.742199999986;73838.67387999999;91.61;98.25217012228336;87.60024042024395;0.0;0.0
2016-01-14 15:32:00;17522;65342.29855865772;82086.72067881221;16838.51369514274;33444.3602517669;63384.895589544016;101449.64030034796;38278.72418962562;54508.19249840194;66309.67500148063;83374.54888987276;73125.06621999998;23896.479819999993;83160.38939999999;45273.683199999985;74583.30795999999;91.61;97.67929226881168;87.60024042024395;0.0;0.0
2016-01-14 15:34:00;17642;62772.4587912023;80479.38847847634;50976.09278437636;66785.6706235286;70910.62100683434;95874.05012050913;33818.108707093415;53007.69388962081;67465.01406394347;80943.61297732004;71980.53605999998;60362.86545999999;82677.75619999999;43391.41371999998;74914.25644;91.61;98.6437625966572;87.60024042024395;0.0;0.0
2016-01-14 15:36:00;17762;62457.248170433566;80598.23878049283;50642.29603309094;69787.2156720986;63989.03310306125;96646.64203227908;31941.623683015816;51500.62075521832;65391.91775832391;86719.51870982378;70935.97991999998;59897.469159999986;82319.22868;41564.30231999999;76548.31456;91.61;97.43340122459097;87.60024042024395;0.0;0.0
2016-01-14 15:38:00;17882;62352.19935602123;79527.74379713587;49833.64361577978;68002.24713076124;64341.470934880315;95736.23945641375;30223.791445333372;46072.505825592634;69258.45329467731;86427.54393079011;69774.21286;59090.78223999999;81912.43784;39813.03327999999;78858.05915999999;91.61;97.3180315617606;87.60024042024395;0.0;0.0
2016-01-14 15:40:00;18002;58969.2458667309;76050.56738245791;49736.058416013264;63848.904367484116;65407.02582371823;99750.85298559474;30215.868306077005;49158.746644575236;71021.22945960368;89020.80504063748;69198.50039999999;58856.36039999999;82064.12255999999;38309.97559999999;79995.69455999999;91.61;99.12113209552273;87.60024042024395;0.0;0.0
2016-01-14 15:42:00;18122;61072.72253827813;77429.33029030867;48592.629590760516;67570.63890193118;63815.56966301915;100845.90432754935;27706.81873164913;47423.56803837977;71036.68399514855;89786.64576707395;68409.05038;57953.14683999999;81622.85792;36682.81224;81174.69851999999;91.61;97.58418528296917;87.60024042024395;0.0;0.0
2016-01-14 15:44:00;18242;59562.79876381701;78557.39574352582;46861.771455518974;70732.23522674575;63957.12026306876;102006.14686847785;27904.57534581542;46065.470037253086;71130.76407805172;89061.93409497879;67295.54663999999;56994.77519999999;81181.59328;35083.22791999999;82450.22911999999;91.61;99.6387497305452;87.60024042024395;0.0;0.0
2016-01-14 15:46:00;18362;57965.792356236976;76880.29048213093;44728.4368279016;64238.50487539645;61418.388235877675;98957.12288953732;23153.49911229667;42506.993364889204;74096.38493675787;95687.93951860772;66726.72894;56519.036759999995;81064.38235999999;33373.327439999994;84546.23615999999;91.61;98.31401114841702;87.60024042024395;0.0;0.0
2016-01-14 15:48:00;18484;57356.020277028736;75391.16524588717;48293.22584891594;64870.00162561612;63637.668004826366;98232.70715402986;24853.016566480714;41877.617902206184;75919.39215974355;94514.26579350376;65792.48895999999;56119.14067999999;81085.06663999999;32201.218239999987;86138.92572;91.61;98.47482707844853;87.60024042024395;0.0;0.0
2016-01-14 15:50:00;18602;58550.68981376923;75647.2538249942;45430.01016126393;65495.30696486497;65209.39703970032;95249.07806658445;23226.48036248547;40446.827999859335;75334.34869240332;94696.60061862417;64996.14417999999;55722.69197999999;80878.22383999999;31504.847479999982;87793.66811999999;91.61;97.93166548842498;87.60024042024395;0.0;0.0
2016-01-14 15:52:00;18722;53774.5735625472;75265.12238315419;46320.500697628966;65904.1223100252;66076.01167058777;98431.52992590083;22085.365947028084;40749.278982323274;77862.13778721693;97647.76048500693;64465.24765999999;56357.00989999999;81291.90943999999;31504.847479999982;87352.40348;91.61;96.83012860007564;87.60024042024395;0.0;0.0
2016-01-14 15:54:00;18842;55810.45164937695;74888.72220221307;43504.19420171731;65969.72015413045;64765.82617788161;102806.3369778711;21769.9342805836;41595.666223845066;77317.37514802677;98398.71697200208;63793.00855999999;54340.29259999998;80926.48715999999;30374.106839999993;87959.14236;91.61;97.48448612019834;87.60024042024395;0.0;0.0
2016-01-14 15:56:00;18962;55912.85654603663;71410.86929652467;45129.082749502886;62733.10215142811;59553.39414534572;92869.7137613505;18744.26725674956;39701.05710567268;78492.49491985168;98464.69230622984;63144.90111999999;53478.44759999999;80761.01292;29326.103319999995;89020.93539999999;91.61;98.88255469072821;87.60024042024395;0.0;0.0
2016-01-14 15:58:00;19082;52552.39844195594;70982.98250653716;44932.401151418584;61210.79930030943;64910.104632922026;97591.91903806938;19307.230639433947;38016.04538138769;78568.28319567781;99317.50419633045;62500.24105999999;52520.07595999999;81016.11903999999;28512.52163999999;90434.36119999998;91.61;98.4397448764859;87.60024042024395;0.0;0.0
2016-01-14 16:00:00;19202;51343.48898749424;73861.16413777095;42042.22286988328;62550.30177074448;64870.61344709623;101150.82549470584;20020.84060552439;40948.87585843558;81042.41614769021;101096.96778289268;61838.34409999999;51837.49471999999;80967.85571999999;27988.519879999993;91192.7848;91.61;98.88066585859305;87.60024042024395;0.0;0.0
2016-01-14 16:02:00;19322;52878.71805202257;69175.03949814785;41883.21712485355;59200.727691869055;63026.14642553529;101196.10382831014;18038.232624542376;39142.915023520625;78619.6399283247;102539.50443499697;61345.36876;51410.019599999985;80788.59195999999;28388.415959999984;90820.46776;91.61;99.13239877778355;87.60024042024395;0.0;0.0
2016-01-14 16:04:00;19442;50533.28063847487;67947.72180629065;42867.70585609303;64364.74531129612;69043.78056606326;102377.496532438;20401.522911543267;39262.65955778594;77908.83877499447;97450.70246060207;61276.42116;51265.22964;86021.71479999999;30629.21295999999;89338.09435999999;91.61;97.14541976560633;87.60024042024395;0.0;0.0
2016-01-14 16:06:00;19562;53380.511131988475;69876.14059196603;42991.6686747472;61244.19764677656;73607.80144973971;109397.14734182094;18756.9246905679;42981.73226616111;75685.6408288391;100256.55284076218;60997.18337999999;51092.86063999998;88614.14455999999;31966.796399999992;87517.87771999999;91.61;98.6727379767572;87.60024042024395;0.0;0.0
2016-01-14 16:08:00;19682;52995.26827830045;71862.29822620422;43554.361885419916;61004.39345879724;72160.61791900577;108272.65544313882;29192.281183547246;49812.48663027874;75723.78795948083;96717.24844016907;60814.472239999996;50992.88661999999;90510.20356;38289.29131999999;85973.45147999999;91.61;99.1390036792263;87.60024042024395;0.0;0.0
2016-01-14 16:10:00;19802;53247.49792739473;71292.69452865749;41326.94290445847;61710.683595560324;79016.5471749473;114102.17054882119;38016.23116052998;53586.78686905873;74439.7398728402;95382.80229399528;60586.94515999999;50851.54403999999;91992.57695999999;47969.53435999998;85001.29032;91.61;97.9116133805541;87.60024042024395;0.0;0.0
2016-01-14 16:12:00;19922;51217.67359311878;69429.77153012731;38977.19254708654;58214.78169301008;76855.99386324479;108974.94507523297;41510.83925599647;60014.146018868094;69997.37037927816;91542.79103322959;60324.94427999999;50734.33311999998;93647.31936;50093.12044;81188.48804;91.61;97.53877363739747;87.60024042024395;0.0;0.0
